Lower case	Upper case	Translit	spell	Notes
ÃŸ	áº	s	szarfes es	
Ã±	Ã‘	Å„	en z tyldÄ…	
Ã§	Ã‡	s	ce z cedyllÄ…	
ÅŸ	Å	sz	es z cedyllÄ…	
á¸‰	á¸ˆ	c	ce ostre z cedyllÄ…	
Ã¡	Ã	a	a ostre	
Ã©	Ã‰	e	e ostre	
Ã­	Ã	i	i ostre	
Ãº	Ãš	u	u ostre	
Ã½	Ã	y	igrek ostre	
Ã¤	Ã„	e	a umlaut	jÃ¤ger
Ã¼	Ãœ	i	u umlaut	glÃ¼ck
Ã¶	Ã–	e	o umlaut	wÃ¶rterbuch
Ä	ÄŒ	cz	ce z haczkiem	
Å¾	Å½	Å¼	zet z haczkiem	
Å¡	Å 	sz	es z haczkiem	
Ä‘	Ä	dÅº	de skreÅ›lone	
Ã¥	Ã…	o	a z kÃ³Å‚kiem	pÃ¥ svenska
Ã¸	Ã˜	o	o skreÅ›lone	
Å™	Å˜	rz	er z haczkiem	
Åˆ	Å‡	Å„	en z haczkiem	
Ä›	Äš	ie	e z haczkiem	
Ä¾	Ä½	l	el z haczkiem	
Ã´	Ã”	o	o z daszkiem	
Äº	Ä¹	l	el ostre	
Å•	Å”	r	er ostre	
Å¯	Å®	u	u z kÃ³Å‚kiem	
Ä	Ä	d	de z haczkiem	
Å¥	Å¤	t	te z haczkiem	
Ã 	Ã€	a	a ciÄ™Å¼kie	
Ã¨	Ãˆ	e	e ciÄ™Å¼kie	
Ã¬	Ã¬	i	i ciÄ™Å¼kie	
Ã²	Ã’	o	o ciÄ™Å¼kie	
Ã¹	Ã™	u	u ciÄ™Å¼kie	
Ã£	Ãƒ	a	a z tyldÄ…	
Ã«	Ã‹	e	e umlaut	
Å	ÅŒ	Ã³	o z makronem	
Äƒ	Ä‚	a	a z Å‚uczkiem	a z Å‚uczkiem
Å	Å	o	o z Å‚uczkiem	
Ãµ	Ã•	o	o z tyldÄ…	
Å­	Å¬	Å‚	u z Å‚uczkiem	
Î±	Î‘	a	alfa	
Î¬	Î†	a	alfa tonos	
Î²	Î’	b	beta	
Î³	Î“	g	gamma	
Î´	Î”	d	delta	
Îµ	Î•	e	epsylon	
Î­	Îˆ	e	epsylon tonos	
Î¶	Î–	z	zeta	
Î·	Î—	e	eta	
Î®	Î‰	e	eta tonos	
Î¸	Î˜	th	theta	
Î¹	Î™	i	jota	
Î¯	ÎŠ	i	jota tonos	
ÏŠ	Îª	i	jota dialitika	
Î	Î	i	jota tonos dialitika	
Îº	Îš	k	kappa	
Î»	Î›	l	lambda	
Î¼	Îœ	m	my	
Î½	Î	n	ny	
Î¾	Î	x	ksi	
Î¿	ÎŸ	o	omikron	
ÏŒ	ÎŒ	o	omikron tonos	
Ï€	Î 	p	pi	
Ï	Î¡	r	ro	
Ïƒ	Î£	s	sigma	
Ï‚	Ï‚	s	sigma teliko	
Ï„	Î¤	t	tau	
Ï…	Î¥	y	ipsylon	
Ï	Î	y	ipsylon tonos	
Ï‹	Î«	y	ipsylon dialitika	
Î°	Î°	y	ipsylon tonos dialitika	
Ï†	Î¦	f	fi	
Ï‡	Î§	ch	chi	
Ïˆ	Î¨	ps	psi	
Ï‰	Î©	o	omega	
Ï	Î	o	omega tonos	
á¼€	á¼ˆ	a	alfa	GREEK SMALL LETTER ALPHA WITH PSILI
á¼	á¼‰	a	alfa	GREEK SMALL LETTER ALPHA WITH DASIA
á¼‚	á¼Š	a	alfa	GREEK SMALL LETTER ALPHA WITH PSILI AND VARIA
á¼ƒ	á¼‹	a	alfa	GREEK SMALL LETTER ALPHA WITH DASIA AND VARIA
á¼„	á¼Œ	a	alfa	GREEK SMALL LETTER ALPHA WITH PSILI AND OXIA
á¼…	á¼	a	alfa	GREEK SMALL LETTER ALPHA WITH DASIA AND OXIA
á¼†	á¼	a	alfa	GREEK SMALL LETTER ALPHA WITH PSILI AND PERISPOMENI
á¼‡	á¼	a	alfa	GREEK SMALL LETTER ALPHA WITH DASIA AND PERISPOMENI
á¼	á¼˜	e	epsilon	GREEK SMALL LETTER EPSILON WITH PSILI
á¼‘	á¼™	e	epsilon	GREEK SMALL LETTER EPSILON WITH DASIA
á¼’	á¼š	e	epsilon	GREEK SMALL LETTER EPSILON WITH PSILI AND VARIA
á¼“	á¼›	e	epsilon	GREEK SMALL LETTER EPSILON WITH DASIA AND VARIA
á¼”	á¼œ	e	epsilon	GREEK SMALL LETTER EPSILON WITH PSILI AND OXIA
á¼•	á¼	e	epsilon	GREEK SMALL LETTER EPSILON WITH DASIA AND OXIA
á¼ 	á¼¨	e	eta	GREEK SMALL LETTER ETA WITH PSILI
á¼¡	á¼©	e	eta	GREEK SMALL LETTER ETA WITH DASIA
á¼¢	á¼ª	e	eta	GREEK SMALL LETTER ETA WITH PSILI AND VARIA
á¼£	á¼«	e	eta	GREEK SMALL LETTER ETA WITH DASIA AND VARIA
á¼¤	á¼¬	e	eta	GREEK SMALL LETTER ETA WITH PSILI AND OXIA
á¼¥	á¼­	e	eta	GREEK SMALL LETTER ETA WITH DASIA AND OXIA
á¼¦	á¼®	e	eta	GREEK SMALL LETTER ETA WITH PSILI AND PERISPOMENI
á¼§	á¼¯	e	eta	GREEK SMALL LETTER ETA WITH DASIA AND PERISPOMENI
á¼°	á¼¸	i	jota	GREEK SMALL LETTER IOTA WITH PSILI
á¼±	á¼¹	i	jota	GREEK SMALL LETTER IOTA WITH DASIA
á¼²	á¼º	i	jota	GREEK SMALL LETTER IOTA WITH PSILI AND VARIA
á¼³	á¼»	i	jota	GREEK SMALL LETTER IOTA WITH DASIA AND VARIA
á¼´	á¼¼	i	jota	GREEK SMALL LETTER IOTA WITH PSILI AND OXIA
á¼µ	á¼½	i	jota	GREEK SMALL LETTER IOTA WITH DASIA AND OXIA
á¼¶	á¼¾	i	jota	GREEK SMALL LETTER IOTA WITH PSILI AND PERISPOMENI
á¼·	á¼¿	i	jota	GREEK SMALL LETTER IOTA WITH DASIA AND PERISPOMENI
á½€	á½ˆ	o	omikron	GREEK SMALL LETTER OMICRON WITH PSILI
á½	á½‰	o	omikron	GREEK SMALL LETTER OMICRON WITH DASIA
á½‚	á½Š	o	omikron	GREEK SMALL LETTER OMICRON WITH PSILI AND VARIA
á½ƒ	á½‹	o	omikron	GREEK SMALL LETTER OMICRON WITH DASIA AND VARIA
á½„	á½Œ	o	omikron	GREEK SMALL LETTER OMICRON WITH PSILI AND OXIA
á½…	á½	o	omikron	GREEK SMALL LETTER OMICRON WITH DASIA AND OXIA
á½	á½	y	ipsilon	GREEK SMALL LETTER UPSILON WITH PSILI
á½‘	á½™	y	ipsilon	GREEK SMALL LETTER UPSILON WITH DASIA
á½’	á½’	y	ipsilon	GREEK SMALL LETTER UPSILON WITH PSILI AND VARIA
á½“	á½›	y	ipsilon	GREEK SMALL LETTER UPSILON WITH DASIA AND VARIA
á½”	á½”	y	ipsilon	GREEK SMALL LETTER UPSILON WITH PSILI AND OXIA
á½•	á½	y	ipsilon	GREEK SMALL LETTER UPSILON WITH DASIA AND OXIA
á½–	á½–	y	ipsilon	GREEK SMALL LETTER UPSILON WITH PSILI AND PERISPOMENI
á½—	á½Ÿ	y	ipsilon	GREEK SMALL LETTER UPSILON WITH DASIA AND PERISPOMENI
á½ 	á½¨	o	omega	GREEK SMALL LETTER OMEGA WITH PSILI
á½¡	á½©	o	omega	GREEK SMALL LETTER OMEGA WITH DASIA
á½¢	á½ª	o	omega	GREEK SMALL LETTER OMEGA WITH PSILI AND VARIA
á½£	á½«	o	omega	GREEK SMALL LETTER OMEGA WITH DASIA AND VARIA
á½¤	á½¬	o	omega	GREEK SMALL LETTER OMEGA WITH PSILI AND OXIA
á½¥	á½­	o	omega	GREEK SMALL LETTER OMEGA WITH DASIA AND OXIA
á½¦	á½®	o	omega	GREEK SMALL LETTER OMEGA WITH PSILI AND PERISPOMENI
á½§	á½¯	o	omega	GREEK SMALL LETTER OMEGA WITH DASIA AND PERISPOMENI
á½°	á¾º	a	alfa	GREEK SMALL LETTER ALPHA WITH VARIA
á½±	á¾»	a	alfa	GREEK SMALL LETTER ALPHA WITH OXIA
á½²	á¿ˆ	e	epsilon	GREEK SMALL LETTER EPSILON WITH VARIA
á½³	á¿‰	e	epsilon	GREEK SMALL LETTER EPSILON WITH OXIA
á½´	á¿Š	e	eta	GREEK SMALL LETTER ETA WITH VARIA
á½µ	á¿‹	e	eta	GREEK SMALL LETTER ETA WITH OXIA
á½¶	á¿š	i	jota	GREEK SMALL LETTER IOTA WITH VARIA
á½·	á¿›	i	jota	GREEK SMALL LETTER IOTA WITH OXIA
á½¸	á¿¸	o	omikron	GREEK SMALL LETTER OMICRON WITH VARIA
á½¹	á¿¹	o	omikron	GREEK SMALL LETTER OMICRON WITH OXIA
á½º	á¿ª	y	ipsilon	GREEK SMALL LETTER UPSILON WITH VARIA
á½»	á¿«	y	ipsilon	GREEK SMALL LETTER UPSILON WITH OXIA
á½¼	á¿º	o	omega	GREEK SMALL LETTER OMEGA WITH VARIA
á½½	á¿»	o	omega	GREEK SMALL LETTER OMEGA WITH OXIA
á¾€	á¾€	a	alfa	GREEK SMALL LETTER ALPHA WITH PSILI AND YPOGEGRAMMENI
á¾	á¾	a	alfa	GREEK SMALL LETTER ALPHA WITH DASIA AND YPOGEGRAMMENI
á¾‚	á¾‚	a	alfa	GREEK SMALL LETTER ALPHA WITH PSILI AND VARIA AND YPOGEGRAMMENI
á¾ƒ	á¾ƒ	a	alfa	GREEK SMALL LETTER ALPHA WITH DASIA AND VARIA AND YPOGEGRAMMENI
á¾„	á¾„	a	alfa	GREEK SMALL LETTER ALPHA WITH PSILI AND OXIA AND YPOGEGRAMMENI
á¾…	á¾…	a	alfa	GREEK SMALL LETTER ALPHA WITH DASIA AND OXIA AND YPOGEGRAMMENI
á¾†	á¾†	a	alfa	GREEK SMALL LETTER ALPHA WITH PSILI AND PERISPOMENI AND YPOGEGRAMMENI
á¾‡	á¾‡	a	alfa	GREEK SMALL LETTER ALPHA WITH DASIA AND PERISPOMENI AND YPOGEGRAMMENI
á¾ˆ	á¾ˆ	a	alfa	GREEK CAPITAL LETTER ALPHA WITH PSILI AND PROSGEGRAMMENI
á¾‰	á¾‰	a	alfa	GREEK CAPITAL LETTER ALPHA WITH DASIA AND PROSGEGRAMMENI
á¾Š	á¾Š	a	alfa	GREEK CAPITAL LETTER ALPHA WITH PSILI AND VARIA AND PROSGEGRAMMENI
á¾‹	á¾‹	a	alfa	GREEK CAPITAL LETTER ALPHA WITH DASIA AND VARIA AND PROSGEGRAMMENI
á¾Œ	á¾Œ	a	alfa	GREEK CAPITAL LETTER ALPHA WITH PSILI AND OXIA AND PROSGEGRAMMENI
á¾	á¾	a	alfa	GREEK CAPITAL LETTER ALPHA WITH DASIA AND OXIA AND PROSGEGRAMMENI
á¾	á¾	a	alfa	GREEK CAPITAL LETTER ALPHA WITH PSILI AND PERISPOMENI AND PROSGEGRAMMENI
á¾	á¾	a	alfa	GREEK CAPITAL LETTER ALPHA WITH DASIA AND PERISPOMENI AND PROSGEGRAMMENI
á¾	á¾	e	eta	GREEK SMALL LETTER ETA WITH PSILI AND YPOGEGRAMMENI
á¾‘	á¾‘	e	eta	GREEK SMALL LETTER ETA WITH DASIA AND YPOGEGRAMMENI
á¾’	á¾’	e	eta	GREEK SMALL LETTER ETA WITH PSILI AND VARIA AND YPOGEGRAMMENI
á¾“	á¾“	e	eta	GREEK SMALL LETTER ETA WITH DASIA AND VARIA AND YPOGEGRAMMENI
á¾”	á¾”	e	eta	GREEK SMALL LETTER ETA WITH PSILI AND OXIA AND YPOGEGRAMMENI
á¾•	á¾•	e	eta	GREEK SMALL LETTER ETA WITH DASIA AND OXIA AND YPOGEGRAMMENI
á¾–	á¾–	e	eta	GREEK SMALL LETTER ETA WITH PSILI AND PERISPOMENI AND YPOGEGRAMMENI
á¾—	á¾—	e	eta	GREEK SMALL LETTER ETA WITH DASIA AND PERISPOMENI AND YPOGEGRAMMENI
á¾˜	á¾˜	e	eta	GREEK CAPITAL LETTER ETA WITH PSILI AND PROSGEGRAMMENI
á¾™	á¾™	e	eta	GREEK CAPITAL LETTER ETA WITH DASIA AND PROSGEGRAMMENI
á¾š	á¾š	e	eta	GREEK CAPITAL LETTER ETA WITH PSILI AND VARIA AND PROSGEGRAMMENI
á¾›	á¾›	e	eta	GREEK CAPITAL LETTER ETA WITH DASIA AND VARIA AND PROSGEGRAMMENI
á¾œ	á¾œ	e	eta	GREEK CAPITAL LETTER ETA WITH PSILI AND OXIA AND PROSGEGRAMMENI
á¾	á¾	e	eta	GREEK CAPITAL LETTER ETA WITH DASIA AND OXIA AND PROSGEGRAMMENI
á¾	á¾	e	eta	GREEK CAPITAL LETTER ETA WITH PSILI AND PERISPOMENI AND PROSGEGRAMMENI
á¾Ÿ	á¾Ÿ	e	eta	GREEK CAPITAL LETTER ETA WITH DASIA AND PERISPOMENI AND PROSGEGRAMMENI
á¾ 	á¾ 	o	omega	GREEK SMALL LETTER OMEGA WITH PSILI AND YPOGEGRAMMENI
á¾¡	á¾¡	o	omega	GREEK SMALL LETTER OMEGA WITH DASIA AND YPOGEGRAMMENI
á¾¢	á¾¢	o	omega	GREEK SMALL LETTER OMEGA WITH PSILI AND VARIA AND YPOGEGRAMMENI
á¾£	á¾£	o	omega	GREEK SMALL LETTER OMEGA WITH DASIA AND VARIA AND YPOGEGRAMMENI
á¾¤	á¾¤	o	omega	GREEK SMALL LETTER OMEGA WITH PSILI AND OXIA AND YPOGEGRAMMENI
á¾¥	á¾¥	o	omega	GREEK SMALL LETTER OMEGA WITH DASIA AND OXIA AND YPOGEGRAMMENI
á¾¦	á¾¦	o	omega	GREEK SMALL LETTER OMEGA WITH PSILI AND PERISPOMENI AND YPOGEGRAMMENI
á¾§	á¾§	o	omega	GREEK SMALL LETTER OMEGA WITH DASIA AND PERISPOMENI AND YPOGEGRAMMENI
á¾¨	á¾¨	o	omega	GREEK CAPITAL LETTER OMEGA WITH PSILI AND PROSGEGRAMMENI
á¾©	á¾©	o	omega	GREEK CAPITAL LETTER OMEGA WITH DASIA AND PROSGEGRAMMENI
á¾ª	á¾ª	o	omega	GREEK CAPITAL LETTER OMEGA WITH PSILI AND VARIA AND PROSGEGRAMMENI
á¾«	á¾«	o	omega	GREEK CAPITAL LETTER OMEGA WITH DASIA AND VARIA AND PROSGEGRAMMENI
á¾¬	á¾¬	o	omega	GREEK CAPITAL LETTER OMEGA WITH PSILI AND OXIA AND PROSGEGRAMMENI
á¾­	á¾­	o	omega	GREEK CAPITAL LETTER OMEGA WITH DASIA AND OXIA AND PROSGEGRAMMENI
á¾®	á¾®	o	omega	GREEK CAPITAL LETTER OMEGA WITH PSILI AND PERISPOMENI AND PROSGEGRAMMENI
á¾¯	á¾¯	o	omega	GREEK CAPITAL LETTER OMEGA WITH DASIA AND PERISPOMENI AND PROSGEGRAMMENI
á¾°	á¾¸	a	alfa	GREEK SMALL LETTER ALPHA WITH VRACHY
á¾±	á¾¹	a	alfa	GREEK SMALL LETTER ALPHA WITH MACRON
á¾²	á¾²	a	alfa	GREEK SMALL LETTER ALPHA WITH VARIA AND YPOGEGRAMMENI
á¾³	á¾³	a	alfa	GREEK SMALL LETTER ALPHA WITH YPOGEGRAMMENI
á¾´	á¾´	a	alfa	GREEK SMALL LETTER ALPHA WITH OXIA AND YPOGEGRAMMENI
á¾¶	á¾¶	a	alfa	GREEK SMALL LETTER ALPHA WITH PERISPOMENI
á¾·	á¾·	a	alfa	GREEK SMALL LETTER ALPHA WITH PERISPOMENI AND YPOGEGRAMMENI
á¾¼	á¾¼	a	alfa	GREEK CAPITAL LETTER ALPHA WITH PROSGEGRAMMENI
á¿‚	á¿‚	e	eta	GREEK SMALL LETTER ETA WITH VARIA AND YPOGEGRAMMENI
á¿ƒ	á¿ƒ	e	eta	GREEK SMALL LETTER ETA WITH YPOGEGRAMMENI
á¿„	á¿„	e	eta	GREEK SMALL LETTER ETA WITH OXIA AND YPOGEGRAMMENI
á¿†	á¿†	e	eta	GREEK SMALL LETTER ETA WITH PERISPOMENI
á¿‡	á¿‡	e	eta	GREEK SMALL LETTER ETA WITH PERISPOMENI AND YPOGEGRAMMENI
á¿Œ	á¿Œ	e	eta	GREEK CAPITAL LETTER ETA WITH PROSGEGRAMMENI
á¿	á¿˜	i	jota	GREEK SMALL LETTER IOTA WITH VRACHY
á¿‘	á¿™	i	jota	GREEK SMALL LETTER IOTA WITH MACRON
á¿’	á¿’	i	jota	GREEK SMALL LETTER IOTA WITH DIALYTIKA AND VARIA
á¿“	á¿“	i	jota	GREEK SMALL LETTER IOTA WITH DIALYTIKA AND OXIA
á¿–	á¿–	i	jota	GREEK SMALL LETTER IOTA WITH PERISPOMENI
á¿—	á¿—	i	jota	GREEK SMALL LETTER IOTA WITH DIALYTIKA AND PERISPOMENI
á¿ 	á¿¨	y	ipsilon	GREEK SMALL LETTER UPSILON WITH VRACHY
á¿¡	á¿©	y	ipsilon	GREEK SMALL LETTER UPSILON WITH MACRON
á¿¢	á¿¢	y	ipsilon	GREEK SMALL LETTER UPSILON WITH DIALYTIKA AND VARIA
á¿£	á¿£	y	ipsilon	GREEK SMALL LETTER UPSILON WITH DIALYTIKA AND OXIA
á¿¤	á¿¤	r	ro	GREEK SMALL LETTER RHO WITH PSILI
á¿¥	á¿¬	r	ro	GREEK SMALL LETTER RHO WITH DASIA
á¿¦	á¿¦	y	ipsilon	GREEK SMALL LETTER UPSILON WITH PERISPOMENI
á¿§	á¿§	y	ipsilon	GREEK SMALL LETTER UPSILON WITH DIALYTIKA AND PERISPOMENI
á¿²	á¿²	o	omega	GREEK SMALL LETTER OMEGA WITH VARIA AND YPOGEGRAMMENI
á¿³	á¿³	o	omega	GREEK SMALL LETTER OMEGA WITH YPOGEGRAMMENI
á¿´	á¿´	o	omega	GREEK SMALL LETTER OMEGA WITH OXIA AND YPOGEGRAMMENI
á¿¶	á¿¶	o	omega	GREEK SMALL LETTER OMEGA WITH PERISPOMENI
á¿·	á¿·	o	omega	GREEK SMALL LETTER OMEGA WITH PERISPOMENI AND YPOGEGRAMMENI
á¿¼	á¿¼	o	omega	GREEK CAPITAL LETTER OMEGA WITH PROSGEGRAMMENI
â°°	â°€	a	az	GLAGOLITIC SMALL LETTER AZU
â°±	â°	b	buki	GLAGOLITIC SMALL LETTER BUKY
â°²	â°‚	v	vjedi	GLAGOLITIC SMALL LETTER VEDE
â°³	â°ƒ	g	gÅ‚agoli	GLAGOLITIC SMALL LETTER GLAGOLI
â°´	â°„	d	dobro	GLAGOLITIC SMALL LETTER DOBRO
â°µ	â°…	e	jest	GLAGOLITIC SMALL LETTER YESTU
â°¶	â°†	Å¼	Å¼ivjete	GLAGOLITIC SMALL LETTER ZHIVETE
â°·	â°‡	dz	dzeÅ‚o	GLAGOLITIC SMALL LETTER DZELO
â°¸	â°ˆ	z	ziemia	GLAGOLITIC SMALL LETTER ZEMLJA
â°¹	â°‰	i	iÅ¼e	GLAGOLITIC SMALL LETTER IZHE
â°º	â°Š	i	iÅ¼e poczÄ…tkowe	GLAGOLITIC SMALL LETTER INITIAL IZHE
â°»	â°‹	i	i	GLAGOLITIC SMALL LETTER I
â°¼	â°Œ	g	dÅºerw	GLAGOLITIC SMALL LETTER DJERVI
â°½	â°	k	kako	GLAGOLITIC SMALL LETTER KAKO
â°¾	â°	l	ljudÅºe	GLAGOLITIC SMALL LETTER LJUDIJE
â°¿	â°	m	myÅ›licie	GLAGOLITIC SMALL LETTER MYSLITE
â±€	â°	n	nasz	GLAGOLITIC SMALL LETTER NASHI
â±	â°‘	o	on	GLAGOLITIC SMALL LETTER ONU
â±‚	â°’	p	pokÃ³j	GLAGOLITIC SMALL LETTER POKOJI
â±ƒ	â°“	r	rcy	GLAGOLITIC SMALL LETTER RITSI
â±„	â°”	s	sÅ‚owo	GLAGOLITIC SMALL LETTER SLOVO
â±…	â°•	t	twardo	GLAGOLITIC SMALL LETTER TVRIDO
â±†	â°–	u	uk	GLAGOLITIC SMALL LETTER UKU
â±‡	â°—	f	fert	GLAGOLITIC SMALL LETTER FRITU
â±ˆ	â°˜	h	hier	GLAGOLITIC SMALL LETTER HERU
â±‰	â°™	o	ot	GLAGOLITIC SMALL LETTER OTU
â±Š	â°š	p	pe	GLAGOLITIC SMALL LETTER PE
â±‹	â°›	Å›	Å›ta	GLAGOLITIC SMALL LETTER SHTA
â±Œ	â°œ	Ä‡	ci	GLAGOLITIC SMALL LETTER TSI
â±	â°	cz	czerw	GLAGOLITIC SMALL LETTER CHRIVI
â±	â°	sz	sza	GLAGOLITIC SMALL LETTER SHA
â±	â°Ÿ	o	jer	GLAGOLITIC SMALL LETTER YERU
â±	â° 	e	jery	GLAGOLITIC SMALL LETTER YERI
â±‘	â°¡	ie	jaÄ‡	GLAGOLITIC SMALL LETTER YATI
â±’	â°¢	h	her	GLAGOLITIC SMALL LETTER SPIDERY HA
â±“	â°£	ju	ju	GLAGOLITIC SMALL LETTER YU
â±”	â°¤	Ä™	jus maÅ‚y	GLAGOLITIC SMALL LETTER SMALL YUS
â±•	â°¥	Ä™	jus maÅ‚y	GLAGOLITIC SMALL LETTER SMALL YUS WITH TAIL
â±–	â°¦	jo	jo	GLAGOLITIC SMALL LETTER YO
â±—	â°§	jÄ™	jus maÅ‚y jotowany	GLAGOLITIC SMALL LETTER IOTATED SMALL YUS
â±˜	â°¨	Ä…	jus wielki	GLAGOLITIC SMALL LETTER BIG YUS
â±™	â°©	jÄ…	jus wielki jotowany	GLAGOLITIC SMALL LETTER IOTATED BIG YUS
â±š	â°ª	f	fita	GLAGOLITIC SMALL LETTER FITA
â±›	â°«	i	iÅ¼ica	GLAGOLITIC SMALL LETTER IZHITSA
â±œ	â°¬	sz	sztapicz	GLAGOLITIC SMALL LETTER SHTAPIC
â±	â°­	a	az	GLAGOLITIC SMALL LETTER TROKUTASTI A
â±	â°®	m	myÅ›licie	GLAGOLITIC SMALL LETTER LATINATE MYSLITE
Ö°	Ö°	e	szewa	hebrew point sheva
Ö±	Ö±	e	segol	hebrew point hataf segol
Ö²	Ö²	a	hataf patah	hebrew point hataf patah
Ö³	Ö³	a	hataf kamac	hebrew point hataf qamats
Ö´	Ö´	i	hirik	hebrew point hiriq
Öµ	Öµ	e	cere	hebrew point tsere
Ö¶	Ö¶	e	segol	hebrew point segol
Ö·	Ö·	a	patah	hebrew point patah
Ö¸	Ö¸	a	kamac	hebrew point qamats
Ö¹	Ö¹	o	holam	hebrew point holam
Öº	Öº	o	holam haser	hebrew point holam haser for vav
Ö»	Ö»	u	kubuc	hebrew point qubuts
×	×	sz	szin z kropkÄ…	hebrew point shin dot
×‚	×‚	s	sin z kropkÄ…	hebrew point sin dot
×‡	×‡	a	kamac ktan	hebrew point qamats qatan
×	×	a	alef	hebrew letter alef
×‘	×‘	b	bet	hebrew letter bet
×’	×’	g	gimel	hebrew letter gimel
×“	×“	d	daled	hebrew letter dalet
×”	×”	h	he	hebrew letter he
×•	×•	w	wav	hebrew letter vav
×–	×–	z	zajin	hebrew letter zayin
×—	×—	h	het	hebrew letter het
×˜	×˜	t	tet	hebrew letter tet
×™	×™	j	jod	hebrew letter yod
×š	×š	k	kaf sofit	hebrew letter final kaf
×›	×›	k	kaf	hebrew letter kaf
×œ	×œ	l	lamed	hebrew letter lamed
×	×	m	mem sofit	hebrew letter final mem
×	×	m	mem	hebrew letter mem
×Ÿ	×Ÿ	n	nun sofit	hebrew letter final nun
× 	× 	n	nun	hebrew letter nun
×¡	×¡	s	sameh	hebrew letter samekh
×¢	×¢	a	ajin	hebrew letter ayin
×£	×£	p	pe sofit	hebrew letter final pe
×¤	×¤	pe	pe	hebrew letter pe
×¥	×¥	c	cadi sofit	hebrew letter final tsadi
×¦	×¦	c	cadi sofit	hebrew letter tsadi
×§	×§	k	kof	hebrew letter qof
×¨	×¨	r	resz	hebrew letter resh
×©	×©	sz	szin	hebrew letter shin
×ª	×ª	t	tav	hebrew letter tav
×¯	×¯	j	jod	hebrew yod triangle
×°	×°	w	vavvav	hebrew ligature yiddish double vav
×±	×±	wj	wavjod	hebrew ligature yiddish vav yod
×²	×²	jj	jodjod	hebrew ligature yiddish double yod
ğš	ğš	a	a	mathematical bold small a
ğ›	ğ›	b	be	mathematical bold small b
ğœ	ğœ	c	ce	mathematical bold small c
ğ	ğ	d	de	mathematical bold small d
ğ	ğ	e	e	mathematical bold small e
ğŸ	ğŸ	f	f	mathematical bold small f
ğ 	ğ 	g	gie	mathematical bold small g
ğ¡	ğ¡	h	ha	mathematical bold small h
ğ¢	ğ¢	i	i	mathematical bold small i
ğ£	ğ£	j	jot	mathematical bold small j
ğ¤	ğ¤	k	ka	mathematical bold small k
ğ¥	ğ¥	l	el	mathematical bold small l
ğ¦	ğ¦	m	em	mathematical bold small m
ğ§	ğ§	n	en	mathematical bold small n
ğ¨	ğ¨	o	o	mathematical bold small o
ğ©	ğ©	p	pe	mathematical bold small p
ğª	ğª	q	qu	mathematical bold small q
ğ«	ğ«	r	er	mathematical bold small r
ğ¬	ğ¬	s	es	mathematical bold small s
ğ­	ğ­	t	te	mathematical bold small t
ğ®	ğ®	u	u	mathematical bold small u
ğ¯	ğ¯	v	faÅ‚	mathematical bold small v
ğ°	ğ°	w	wu	mathematical bold small w
ğ±	ğ±	x	iks	mathematical bold small x
ğ²	ğ²	y	igrek	mathematical bold small y
ğ³	ğ³	z	zet	mathematical bold small z
ğ‘	ğ‘	a	a	mathematical italic small a
ğ‘	ğ‘	b	be	mathematical italic small b
ğ‘	ğ‘	c	ce	mathematical italic small c
ğ‘‘	ğ‘‘	d	de	mathematical italic small d
ğ‘’	ğ‘’	e	e	mathematical italic small e
ğ‘“	ğ‘“	f	ef	mathematical italic small f
ğ‘”	ğ‘”	g	gie	mathematical italic small g
ğ‘–	ğ‘–	i	i	mathematical italic small i
ğ‘—	ğ‘—	j	jot	mathematical italic small j
ğ‘˜	ğ‘˜	k	ka	mathematical italic small k
ğ‘™	ğ‘™	l	el	mathematical italic small l
ğ‘š	ğ‘š	m	em	mathematical italic small m
ğ‘›	ğ‘›	n	en	mathematical italic small n
ğ‘œ	ğ‘œ	o	o	mathematical italic small o
ğ‘	ğ‘	p	pe	mathematical italic small p
ğ‘	ğ‘	q	qu	mathematical italic small q
ğ‘Ÿ	ğ‘Ÿ	r	er	mathematical italic small r
ğ‘ 	ğ‘ 	s	es	mathematical italic small s
ğ‘¡	ğ‘¡	t	te	mathematical italic small t
ğ‘¢	ğ‘¢	u	u	mathematical italic small u
ğ‘£	ğ‘£	v	faÅ‚	mathematical italic small v
ğ‘¤	ğ‘¤	w	wu	mathematical italic small w
ğ‘¥	ğ‘¥	x	iks	mathematical italic small x
ğ‘¦	ğ‘¦	y	igrek	mathematical italic small y
ğ‘§	ğ‘§	z	zet	mathematical italic small z
ğ’‚	ğ’‚	a	a	mathematical bold italic small a
ğ’ƒ	ğ’ƒ	b	be	mathematical bold italic small b
ğ’„	ğ’„	c	ce	mathematical bold italic small c
ğ’…	ğ’…	d	de	mathematical bold italic small d
ğ’†	ğ’†	e	e	mathematical bold italic small e
ğ’‡	ğ’‡	f	ef	mathematical bold italic small f
ğ’ˆ	ğ’ˆ	g	gie	mathematical bold italic small g
ğ’‰	ğ’‰	h	ha	mathematical bold italic small h
ğ’Š	ğ’Š	i	i	mathematical bold italic small i
ğ’‹	ğ’‹	j	jot	mathematical bold italic small j
ğ’Œ	ğ’Œ	k	ka	mathematical bold italic small k
ğ’	ğ’	l	el	mathematical bold italic small l
ğ’	ğ’	m	em	mathematical bold italic small m
ğ’	ğ’	n	en	mathematical bold italic small n
ğ’	ğ’	o	o	mathematical bold italic small o
ğ’‘	ğ’‘	p	pe	mathematical bold italic small p
ğ’’	ğ’’	q	qu	mathematical bold italic small q
ğ’“	ğ’“	r	er	mathematical bold italic small r
ğ’”	ğ’”	s	es	mathematical bold italic small s
ğ’•	ğ’•	t	te	mathematical bold italic small t
ğ’–	ğ’–	u	u	mathematical bold italic small u
ğ’—	ğ’—	v	faÅ‚	mathematical bold italic small v
ğ’˜	ğ’˜	w	wu	mathematical bold italic small w
ğ’™	ğ’™	x	iks	mathematical bold italic small x
ğ’š	ğ’š	y	igrek	mathematical bold italic small y
ğ’›	ğ’›	z	zet	mathematical bold italic small z
ğ’¶	ğ’¶	a	a	mathematical script small a
ğ’·	ğ’·	b	be	mathematical script small b
ğ’¸	ğ’¸	c	ce	mathematical script small c
ğ’¹	ğ’¹	d	de	mathematical script small d
ğ’»	ğ’»	f	eff	mathematical script small f
ğ’½	ğ’½	h	ha	mathematical script small h
ğ’¾	ğ’¾	i	i	mathematical script small i
ğ’¿	ğ’¿	j	jot	mathematical script small j
ğ“€	ğ“€	k	ka	mathematical script small k
ğ“	ğ“	l	el	mathematical script small l
ğ“‚	ğ“‚	m	em	mathematical script small m
ğ“ƒ	ğ“ƒ	n	en	mathematical script small n
ğ“…	ğ“…	p	pe	mathematical script small p
ğ“†	ğ“†	q	qu	mathematical script small q
ğ“‡	ğ“‡	r	er	mathematical script small r
ğ“ˆ	ğ“ˆ	s	es	mathematical script small s
ğ“‰	ğ“‰	t	te	mathematical script small t
ğ“Š	ğ“Š	u	u	mathematical script small u
ğ“‹	ğ“‹	v	faÅ‚	mathematical script small v
ğ“Œ	ğ“Œ	w	wu	mathematical script small w
ğ“	ğ“	x	iks	mathematical script small x
ğ“	ğ“	y	igrek	mathematical script small y
ğ“	ğ“	z	zet	mathematical script small z
ğ“ª	ğ“ª	a	a	mathematical bold script small a
ğ“«	ğ“«	b	be	mathematical bold script small b
ğ“¬	ğ“¬	c	ce	mathematical bold script small c
ğ“­	ğ“­	d	de	mathematical bold script small d
ğ“®	ğ“®	e	e	mathematical bold script small e
ğ“¯	ğ“¯	f	ef	mathematical bold script small f
ğ“°	ğ“°	g	gie	mathematical bold script small g
ğ“±	ğ“±	h	ha	mathematical bold script small h
ğ“²	ğ“²	i	i	mathematical bold script small i
ğ“³	ğ“³	j	jot	mathematical bold script small j
ğ“´	ğ“´	k	ka	mathematical bold script small k
ğ“µ	ğ“µ	l	el	mathematical bold script small l
ğ“¶	ğ“¶	m	em	mathematical bold script small m
ğ“·	ğ“·	n	en	mathematical bold script small n
ğ“¸	ğ“¸	o	o	mathematical bold script small o
ğ“¹	ğ“¹	p	pe	mathematical bold script small p
ğ“º	ğ“º	q	qu	mathematical bold script small q
ğ“»	ğ“»	r	er	mathematical bold script small r
ğ“¼	ğ“¼	s	es	mathematical bold script small s
ğ“½	ğ“½	t	te	mathematical bold script small t
ğ“¾	ğ“¾	u	u	mathematical bold script small u
ğ“¿	ğ“¿	v	faÅ‚	mathematical bold script small v
ğ”€	ğ”€	w	wu	mathematical bold script small w
ğ”	ğ”	x	iks	mathematical bold script small x
ğ”‚	ğ”‚	y	igrek	mathematical bold script small y
ğ”ƒ	ğ”ƒ	z	zet	mathematical bold script small z
ğ”	ğ”	a	a	mathematical fraktur small a
ğ”Ÿ	ğ”Ÿ	b	be	mathematical fraktur small b
ğ” 	ğ” 	c	ce	mathematical fraktur small c
ğ”¡	ğ”¡	d	de	mathematical fraktur small d
ğ”¢	ğ”¢	e	e	mathematical fraktur small e
ğ”£	ğ”£	f	ef	mathematical fraktur small f
ğ”¤	ğ”¤	g	gie	mathematical fraktur small g
ğ”¥	ğ”¥	h	ha	mathematical fraktur small h
ğ”¦	ğ”¦	i	i	mathematical fraktur small i
ğ”§	ğ”§	j	jot	mathematical fraktur small j
ğ”¨	ğ”¨	k	ka	mathematical fraktur small k
ğ”©	ğ”©	l	el	mathematical fraktur small l
ğ”ª	ğ”ª	m	em	mathematical fraktur small m
ğ”«	ğ”«	n	en	mathematical fraktur small n
ğ”¬	ğ”¬	o	o	mathematical fraktur small o
ğ”­	ğ”­	p	pe	mathematical fraktur small p
ğ”®	ğ”®	q	qu	mathematical fraktur small q
ğ”¯	ğ”¯	r	er	mathematical fraktur small r
ğ”°	ğ”°	s	es	mathematical fraktur small s
ğ”±	ğ”±	t	te	mathematical fraktur small t
ğ”²	ğ”²	u	u	mathematical fraktur small u
ğ”³	ğ”³	v	faÅ‚	mathematical fraktur small v
ğ”´	ğ”´	w	wu	mathematical fraktur small w
ğ”µ	ğ”µ	x	iks	mathematical fraktur small x
ğ”¶	ğ”¶	y	igrek	mathematical fraktur small y
ğ”·	ğ”·	z	zet	mathematical fraktur small z
ğ•’	ğ•’	a	a	mathematical double-struck small a
ğ•“	ğ•“	b	be	mathematical double-struck small b
ğ•”	ğ•”	c	ce	mathematical double-struck small c
ğ••	ğ••	d	de	mathematical double-struck small d
ğ•–	ğ•–	e	e	mathematical double-struck small e
ğ•—	ğ•—	f	ef	mathematical double-struck small f
ğ•˜	ğ•˜	g	gie	mathematical double-struck small g
ğ•™	ğ•™	h	ha	mathematical double-struck small h
ğ•š	ğ•š	i	i	mathematical double-struck small i
ğ•›	ğ•›	j	jot	mathematical double-struck small j
ğ•œ	ğ•œ	k	ka	mathematical double-struck small k
ğ•	ğ•	l	el	mathematical double-struck small l
ğ•	ğ•	m	em	mathematical double-struck small m
ğ•Ÿ	ğ•Ÿ	n	en	mathematical double-struck small n
ğ• 	ğ• 	o	o	mathematical double-struck small o
ğ•¡	ğ•¡	p	pe	mathematical double-struck small p
ğ•¢	ğ•¢	q	qu	mathematical double-struck small q
ğ•£	ğ•£	r	er	mathematical double-struck small r
ğ•¤	ğ•¤	s	es	mathematical double-struck small s
ğ•¥	ğ•¥	t	te	mathematical double-struck small t
ğ•¦	ğ•¦	u	u	mathematical double-struck small u
ğ•§	ğ•§	v	faÅ‚	mathematical double-struck small v
ğ•¨	ğ•¨	w	wu	mathematical double-struck small w
ğ•©	ğ•©	x	iks	mathematical double-struck small x
ğ•ª	ğ•ª	y	igrek	mathematical double-struck small y
ğ•«	ğ•«	z	zet	mathematical double-struck small z
ğ–†	ğ–†	a	a	mathematical bold fraktur small a
ğ–‡	ğ–‡	b	be	mathematical bold fraktur small b
ğ–ˆ	ğ–ˆ	c	ce	mathematical bold fraktur small c
ğ–‰	ğ–‰	d	de	mathematical bold fraktur small d
ğ–Š	ğ–Š	e	e	mathematical bold fraktur small e
ğ–‹	ğ–‹	f	ef	mathematical bold fraktur small f
ğ–Œ	ğ–Œ	g	gie	mathematical bold fraktur small g
ğ–	ğ–	h	ha	mathematical bold fraktur small h
ğ–	ğ–	i	i	mathematical bold fraktur small i
ğ–	ğ–	j	jot	mathematical bold fraktur small j
ğ–	ğ–	k	ka	mathematical bold fraktur small k
ğ–‘	ğ–‘	l	el	mathematical bold fraktur small l
ğ–’	ğ–’	m	em	mathematical bold fraktur small m
ğ–“	ğ–“	n	en	mathematical bold fraktur small n
ğ–”	ğ–”	o	o	mathematical bold fraktur small o
ğ–•	ğ–•	p	pe	mathematical bold fraktur small p
ğ––	ğ––	q	qu	mathematical bold fraktur small q
ğ–—	ğ–—	r	er	mathematical bold fraktur small r
ğ–˜	ğ–˜	s	es	mathematical bold fraktur small s
ğ–™	ğ–™	t	te	mathematical bold fraktur small t
ğ–š	ğ–š	u	u	mathematical bold fraktur small u
ğ–›	ğ–›	v	faÅ‚	mathematical bold fraktur small v
ğ–œ	ğ–œ	w	wu	mathematical bold fraktur small w
ğ–	ğ–	x	iks	mathematical bold fraktur small x
ğ–	ğ–	y	igrek	mathematical bold fraktur small y
ğ–Ÿ	ğ–Ÿ	z	zet	mathematical bold fraktur small z
ğ–º	ğ–º	a	a	mathematical sans-serif small a
ğ–»	ğ–»	b	be	mathematical sans-serif small b
ğ–¼	ğ–¼	c	ce	mathematical sans-serif small c
ğ–½	ğ–½	d	de	mathematical sans-serif small d
ğ–¾	ğ–¾	e	e	mathematical sans-serif small e
ğ–¿	ğ–¿	f	ef	mathematical sans-serif small f
ğ—€	ğ—€	g	gie	mathematical sans-serif small g
ğ—	ğ—	h	ha	mathematical sans-serif small h
ğ—‚	ğ—‚	i	i	mathematical sans-serif small i
ğ—ƒ	ğ—ƒ	j	jot	mathematical sans-serif small j
ğ—„	ğ—„	k	ka	mathematical sans-serif small k
ğ—…	ğ—…	l	el	mathematical sans-serif small l
ğ—†	ğ—†	m	em	mathematical sans-serif small m
ğ—‡	ğ—‡	n	en	mathematical sans-serif small n
ğ—ˆ	ğ—ˆ	o	o	mathematical sans-serif small o
ğ—‰	ğ—‰	p	pe	mathematical sans-serif small p
ğ—Š	ğ—Š	q	qu	mathematical sans-serif small q
ğ—‹	ğ—‹	r	er	mathematical sans-serif small r
ğ—Œ	ğ—Œ	s	es	mathematical sans-serif small s
ğ—	ğ—	t	te	mathematical sans-serif small t
ğ—	ğ—	u	u	mathematical sans-serif small u
ğ—	ğ—	v	faÅ‚	mathematical sans-serif small v
ğ—	ğ—	w	wu	mathematical sans-serif small w
ğ—‘	ğ—‘	x	iks	mathematical sans-serif small x
ğ—’	ğ—’	y	igrek	mathematical sans-serif small y
ğ—“	ğ—“	z	zet	mathematical sans-serif small z
ğ—®	ğ—®	a	a	mathematical sans-serif bold small a
ğ—¯	ğ—¯	b	be	mathematical sans-serif bold small b
ğ—°	ğ—°	c	ce	mathematical sans-serif bold small c
ğ—±	ğ—±	d	de	mathematical sans-serif bold small d
ğ—²	ğ—²	e	e	mathematical sans-serif bold small e
ğ—³	ğ—³	f	ef	mathematical sans-serif bold small f
ğ—´	ğ—´	g	gie	mathematical sans-serif bold small g
ğ—µ	ğ—µ	h	ha	mathematical sans-serif bold small h
ğ—¶	ğ—¶	i	i	mathematical sans-serif bold small i
ğ—·	ğ—·	j	jot	mathematical sans-serif bold small j
ğ—¸	ğ—¸	k	ka	mathematical sans-serif bold small k
ğ—¹	ğ—¹	l	el	mathematical sans-serif bold small l
ğ—º	ğ—º	m	em	mathematical sans-serif bold small m
ğ—»	ğ—»	n	en	mathematical sans-serif bold small n
ğ—¼	ğ—¼	o	o	mathematical sans-serif bold small o
ğ—½	ğ—½	p	pe	mathematical sans-serif bold small p
ğ—¾	ğ—¾	q	qu	mathematical sans-serif bold small q
ğ—¿	ğ—¿	r	er	mathematical sans-serif bold small r
ğ˜€	ğ˜€	s	es	mathematical sans-serif bold small s
ğ˜	ğ˜	t	te	mathematical sans-serif bold small t
ğ˜‚	ğ˜‚	u	u	mathematical sans-serif bold small u
ğ˜ƒ	ğ˜ƒ	v	faÅ‚	mathematical sans-serif bold small v
ğ˜„	ğ˜„	w	wu	mathematical sans-serif bold small w
ğ˜…	ğ˜…	x	iks	mathematical sans-serif bold small x
ğ˜†	ğ˜†	y	igrek	mathematical sans-serif bold small y
ğ˜‡	ğ˜‡	z	zet	mathematical sans-serif bold small z
ğ˜¢	ğ˜¢	a	a	mathematical sans-serif italic small a
ğ˜£	ğ˜£	b	be	mathematical sans-serif italic small b
ğ˜¤	ğ˜¤	c	ce	mathematical sans-serif italic small c
ğ˜¥	ğ˜¥	d	de	mathematical sans-serif italic small d
ğ˜¦	ğ˜¦	e	e	mathematical sans-serif italic small e
ğ˜§	ğ˜§	f	ef	mathematical sans-serif italic small f
ğ˜¨	ğ˜¨	g	gie	mathematical sans-serif italic small g
ğ˜©	ğ˜©	h	ha	mathematical sans-serif italic small h
ğ˜ª	ğ˜ª	i	i	mathematical sans-serif italic small i
ğ˜«	ğ˜«	j	jot	mathematical sans-serif italic small j
ğ˜¬	ğ˜¬	k	ka	mathematical sans-serif italic small k
ğ˜­	ğ˜­	l	el	mathematical sans-serif italic small l
ğ˜®	ğ˜®	m	em	mathematical sans-serif italic small m
ğ˜¯	ğ˜¯	n	en	mathematical sans-serif italic small n
ğ˜°	ğ˜°	o	o	mathematical sans-serif italic small o
ğ˜±	ğ˜±	p	pe	mathematical sans-serif italic small p
ğ˜²	ğ˜²	q	qu	mathematical sans-serif italic small q
ğ˜³	ğ˜³	r	er	mathematical sans-serif italic small r
ğ˜´	ğ˜´	s	es	mathematical sans-serif italic small s
ğ˜µ	ğ˜µ	t	te	mathematical sans-serif italic small t
ğ˜¶	ğ˜¶	u	u	mathematical sans-serif italic small u
ğ˜·	ğ˜·	v	faÅ‚	mathematical sans-serif italic small v
ğ˜¸	ğ˜¸	w	wu	mathematical sans-serif italic small w
ğ˜¹	ğ˜¹	x	iks	mathematical sans-serif italic small x
ğ˜º	ğ˜º	y	igrek	mathematical sans-serif italic small y
ğ˜»	ğ˜»	z	zet	mathematical sans-serif italic small z
ğ™–	ğ™–	a	a	mathematical sans-serif bold italic small a
ğ™—	ğ™—	b	be	mathematical sans-serif bold italic small b
ğ™˜	ğ™˜	c	ce	mathematical sans-serif bold italic small c
ğ™™	ğ™™	d	de	mathematical sans-serif bold italic small d
ğ™š	ğ™š	e	e	mathematical sans-serif bold italic small e
ğ™›	ğ™›	f	ef	mathematical sans-serif bold italic small f
ğ™œ	ğ™œ	g	gie	mathematical sans-serif bold italic small g
ğ™	ğ™	h	ha	mathematical sans-serif bold italic small h
ğ™	ğ™	i	i	mathematical sans-serif bold italic small i
ğ™Ÿ	ğ™Ÿ	j	jot	mathematical sans-serif bold italic small j
ğ™ 	ğ™ 	k	ka	mathematical sans-serif bold italic small k
ğ™¡	ğ™¡	l	el	mathematical sans-serif bold italic small l
ğ™¢	ğ™¢	m	em	mathematical sans-serif bold italic small m
ğ™£	ğ™£	n	en	mathematical sans-serif bold italic small n
ğ™¤	ğ™¤	o	o	mathematical sans-serif bold italic small o
ğ™¥	ğ™¥	p	pe	mathematical sans-serif bold italic small p
ğ™¦	ğ™¦	q	qu	mathematical sans-serif bold italic small q
ğ™§	ğ™§	r	er	mathematical sans-serif bold italic small r
ğ™¨	ğ™¨	s	es	mathematical sans-serif bold italic small s
ğ™©	ğ™©	t	te	mathematical sans-serif bold italic small t
ğ™ª	ğ™ª	u	u	mathematical sans-serif bold italic small u
ğ™«	ğ™«	v	faÅ‚	mathematical sans-serif bold italic small v
ğ™¬	ğ™¬	w	wu	mathematical sans-serif bold italic small w
ğ™­	ğ™­	x	iks	mathematical sans-serif bold italic small x
ğ™®	ğ™®	y	igrek	mathematical sans-serif bold italic small y
ğ™¯	ğ™¯	z	zet	mathematical sans-serif bold italic small z
ğšŠ	ğšŠ	a	a	mathematical monospace small a
ğš‹	ğš‹	b	be	mathematical monospace small b
ğšŒ	ğšŒ	c	ce	mathematical monospace small c
ğš	ğš	d	de	mathematical monospace small d
ğš	ğš	e	e	mathematical monospace small e
ğš	ğš	f	ef	mathematical monospace small f
ğš	ğš	g	gie	mathematical monospace small g
ğš‘	ğš‘	h	ha	mathematical monospace small h
ğš’	ğš’	i	i	mathematical monospace small i
ğš“	ğš“	j	jot	mathematical monospace small j
ğš”	ğš”	k	ka	mathematical monospace small k
ğš•	ğš•	l	el	mathematical monospace small l
ğš–	ğš–	m	em	mathematical monospace small m
ğš—	ğš—	n	en	mathematical monospace small n
ğš˜	ğš˜	o	o	mathematical monospace small o
ğš™	ğš™	p	pe	mathematical monospace small p
ğšš	ğšš	q	qu	mathematical monospace small q
ğš›	ğš›	r	er	mathematical monospace small r
ğšœ	ğšœ	s	es	mathematical monospace small s
ğš	ğš	t	te	mathematical monospace small t
ğš	ğš	u	u	mathematical monospace small u
ğšŸ	ğšŸ	v	faÅ‚	mathematical monospace small v
ğš 	ğš 	w	wu	mathematical monospace small w
ğš¡	ğš¡	x	iks	mathematical monospace small x
ğš¢	ğš¢	y	y	mathematical monospace small y
ğš£	ğš£	z	zet	mathematical monospace small z
ğš¤	ğš¤	i	i	mathematical italic small dotless i
ğš¥	ğš¥	j	jot	mathematical italic small dotless j
â„Š	â„Š	g	gie	script small g
â„“	â„“	l	el	script small l
â„©	â„©	j	jota	turned greek small letter iota
â„¯	â„¯	e	e	script small e
â„´	â„´	o	o	script small o
â„º	â„º	q	ku	rotated capital q
â…	â…	g	gie	turned sans-serif capital g
â…‚	â…‚	l	el	turned sans-serif capital l
â…ƒ	â…ƒ	l	el	reversed sans-serif capital l
â…„	â…„	y	igrek	turned sans-serif capital y
â…†	â…†	d	de	double-struck italic small d
â…‡	â…‡	e	e	double-struck italic small e
â…ˆ	â…ˆ	i	i	double-struck italic small i
â…‰	â…‰	j	jot	double-struck italic small j
â…	â„²	f	ef	turned small f
ğŸ„	ğŸ„	a	a	parenthesized a
ğŸ„‘	ğŸ„‘	b	be	parenthesized b
ğŸ„’	ğŸ„’	c	ce	parenthesized c
ğŸ„“	ğŸ„“	d	de	parenthesized d
ğŸ„”	ğŸ„”	e	e	parenthesized e
ğŸ„•	ğŸ„•	f	ef	parenthesized f
ğŸ„–	ğŸ„–	g	gie	parenthesized g
ğŸ„—	ğŸ„—	h	ha	parenthesized h
ğŸ„˜	ğŸ„˜	i	i	parenthesized i
ğŸ„™	ğŸ„™	j	jot	parenthesized j
ğŸ„š	ğŸ„š	k	ka	parenthesized k
ğŸ„›	ğŸ„›	l	el	parenthesized l
ğŸ„œ	ğŸ„œ	m	em	parenthesized m
ğŸ„	ğŸ„	n	en	parenthesized n
ğŸ„	ğŸ„	o	o	parenthesized o
ğŸ„Ÿ	ğŸ„Ÿ	p	pe	parenthesized p
ğŸ„ 	ğŸ„ 	q	ku	parenthesized q
ğŸ„¡	ğŸ„¡	r	er	parenthesized r
ğŸ„¢	ğŸ„¢	s	es	parenthesized s
ğŸ„£	ğŸ„£	t	te	parenthesized t
ğŸ„¤	ğŸ„¤	u	u	parenthesized u
ğŸ„¥	ğŸ„¥	v	faÅ‚	parenthesized v
ğŸ„¦	ğŸ„¦	w	wu	parenthesized w
ğŸ„§	ğŸ„§	x	iks	parenthesized x
ğŸ„¨	ğŸ„¨	y	igrek	parenthesized y
ğŸ„©	ğŸ„©	z	zet	parenthesized z
ğŸ„ª	ğŸ„ª	s	es	tortoise shell bracketed s
ğŸ‡¦	ğŸ‡¦	a	a	regional indicator symbol letter a
ğŸ‡§	ğŸ‡§	b	be	regional indicator symbol letter b
ğŸ‡¨	ğŸ‡¨	c	ce	regional indicator symbol letter c
ğŸ‡©	ğŸ‡©	d	de	regional indicator symbol letter d
ğŸ‡ª	ğŸ‡ª	e	e	regional indicator symbol letter e
ğŸ‡«	ğŸ‡«	f	ef	regional indicator symbol letter f
ğŸ‡¬	ğŸ‡¬	g	gie	regional indicator symbol letter g
ğŸ‡­	ğŸ‡­	h	ha	regional indicator symbol letter h
ğŸ‡®	ğŸ‡®	i	i	regional indicator symbol letter i
ğŸ‡¯	ğŸ‡¯	j	jot	regional indicator symbol letter j
ğŸ‡°	ğŸ‡°	k	ka	regional indicator symbol letter k
ğŸ‡±	ğŸ‡±	l	el	regional indicator symbol letter l
ğŸ‡²	ğŸ‡²	m	em	regional indicator symbol letter m
ğŸ‡³	ğŸ‡³	n	en	regional indicator symbol letter n
ğŸ‡´	ğŸ‡´	o	o	regional indicator symbol letter o
ğŸ‡µ	ğŸ‡µ	p	pe	regional indicator symbol letter p
ğŸ‡¶	ğŸ‡¶	q	ku	regional indicator symbol letter q
ğŸ‡·	ğŸ‡·	r	er	regional indicator symbol letter r
ğŸ‡¸	ğŸ‡¸	s	es	regional indicator symbol letter s
ğŸ‡¹	ğŸ‡¹	t	te	regional indicator symbol letter t
ğŸ‡º	ğŸ‡º	u	u	regional indicator symbol letter u
ğŸ‡»	ğŸ‡»	v	faÅ‚	regional indicator symbol letter v
ğŸ‡¼	ğŸ‡¼	w	wu	regional indicator symbol letter w
ğŸ‡½	ğŸ‡½	x	iks	regional indicator symbol letter x
ğŸ‡¾	ğŸ‡¾	y	igrek	regional indicator symbol letter y
ğŸ‡¿	ğŸ‡¿	z	zet	regional indicator symbol letter z
